{"stats":{"minecraft:used":{"minecraft:moss_block":30,"minecraft:water_bucket":1,"minecraft:stone_pickaxe":131,"minecraft:chest":3,"minecraft:wooden_pickaxe":48,"minecraft:cauldron":1,"minecraft:dirt":133,"minecraft:diamond_pickaxe":71,"minecraft:iron_axe":7,"minecraft:iron_pickaxe":1108,"minecraft:spruce_sapling":7,"minecraft:stone_axe":153,"minecraft:furnace":2,"minecraft:oak_sapling":4},"minecraft:dropped":{"minecraft:moss_block":1,"minecraft:iron_pickaxe":2,"minecraft:iron_shovel":2,"minecraft:bucket":1,"minecraft:gold_ingot":6},"minecraft:broken":{"minecraft:stone_pickaxe":1,"minecraft:iron_pickaxe":4},"minecraft:custom":{"minecraft:interact_with_furnace":31,"minecraft:traded_with_villager":2,"minecraft:interact_with_crafting_table":19,"minecraft:leave_game":4,"minecraft:time_since_death":2152,"minecraft:time_since_rest":2238,"minecraft:sprint_one_cm":2259,"minecraft:damage_taken":1583,"minecraft:walk_one_cm":199500,"minecraft:drop":7,"minecraft:damage_dealt":348,"minecraft:talked_to_villager":9,"minecraft:fly_one_cm":3871,"minecraft:open_chest":67,"minecraft:crouch_one_cm":873,"minecraft:play_time":87108,"minecraft:deaths":6,"minecraft:sneak_time":997,"minecraft:boat_one_cm":2250,"minecraft:jump":312,"minecraft:walk_on_water_one_cm":853,"minecraft:total_world_time":87108,"minecraft:fall_one_cm":2947},"minecraft:killed_by":{"apollyon:the_damned":2,"minecraft:player":1,"endofherobrine:silverfish":1},"minecraft:mined":{"minecraft:deepslate_redstone_ore":21,"the_knocker:deadcow":1,"minecraft:deepslate_diamond_ore":26,"minecraft:clay":13,"minecraft:granite":46,"minecraft:grass_block":159,"minecraft:copper_ore":19,"minecraft:deepslate_coal_ore":28,"minecraft:spruce_leaves":86,"minecraft:deepslate_gold_ore":8,"minecraft:moss_block":95,"minecraft:diorite":46,"minecraft:deepslate_copper_ore":20,"minecraft:redstone_ore":22,"minecraft:mud":58,"minecraft:iron_ore":112,"minecraft:spruce_log":6,"minecraft:andesite":47,"minecraft:oak_log":77,"minecraft:coal_ore":131,"minecraft:deepslate_iron_ore":27,"minecraft:dirt":3,"minecraft:stone":348,"minecraft:gold_ore":16,"minecraft:oak_leaves":93,"minecraft:deepslate_emerald_ore":17,"minecraft:deepslate":25},"minecraft:picked_up":{"minecraft:mud":46,"minecraft:clay_ball":28,"minecraft:andesite":10,"minecraft:wooden_pickaxe":1,"minecraft:oak_log":70,"minecraft:dirt":165,"minecraft:raw_copper":11,"minecraft:iron_axe":2,"minecraft:cobbled_deepslate":5,"minecraft:raw_gold":2,"minecraft:bucket":1,"minecraft:iron_pickaxe":1,"minecraft:moss_block":76,"minecraft:stick":7,"minecraft:raw_iron":50,"minecraft:spruce_sapling":6,"minecraft:diorite":7,"minecraft:spruce_log":6,"minecraft:redstone":28,"minecraft:diamond":5,"minecraft:granite":5,"minecraft:emerald":3,"minecraft:gold_ingot":6,"minecraft:oak_sapling":9,"minecraft:coal":53,"minecraft:cobblestone":153},"minecraft:crafted":{"minecraft:oak_planks":48,"minecraft:cauldron":1,"minecraft:wooden_pickaxe":1,"minecraft:furnace":2,"minecraft:stone_axe":2,"minecraft:air":0,"minecraft:raw_gold":3,"minecraft:iron_axe":1,"minecraft:stick":12,"minecraft:iron_ingot":29,"minecraft:iron_pickaxe":3,"minecraft:stone_pickaxe":2,"minecraft:chest":3,"minecraft:iron_shovel":2,"minecraft:gold_ingot":8,"minecraft:water_bucket":1}},"DataVersion":3465}