{"stats":{"minecraft:used":{"minecraft:moss_block":30,"minecraft:water_bucket":1,"minecraft:stone_pickaxe":131,"minecraft:chest":3,"minecraft:wooden_pickaxe":48,"minecraft:dirt":133,"minecraft:iron_axe":7,"minecraft:iron_pickaxe":967,"minecraft:spruce_sapling":7,"minecraft:stone_axe":153,"minecraft:oak_sapling":4,"minecraft:furnace":2},"minecraft:dropped":{"minecraft:moss_block":1,"minecraft:iron_pickaxe":2,"minecraft:iron_shovel":2,"minecraft:bucket":1,"minecraft:gold_ingot":6},"minecraft:broken":{"minecraft:stone_pickaxe":1,"minecraft:iron_pickaxe":3},"minecraft:custom":{"minecraft:interact_with_furnace":26,"minecraft:traded_with_villager":2,"minecraft:interact_with_crafting_table":17,"minecraft:leave_game":2,"minecraft:time_since_death":7520,"minecraft:time_since_rest":7555,"minecraft:sprint_one_cm":2202,"minecraft:damage_taken":853,"minecraft:walk_one_cm":179363,"minecraft:drop":7,"minecraft:damage_dealt":225,"minecraft:talked_to_villager":9,"minecraft:fly_one_cm":2225,"minecraft:open_chest":57,"minecraft:crouch_one_cm":810,"minecraft:play_time":75524,"minecraft:deaths":3,"minecraft:sneak_time":859,"minecraft:boat_one_cm":2250,"minecraft:jump":258,"minecraft:total_world_time":75524,"minecraft:fall_one_cm":1527},"minecraft:killed_by":{"apollyon:the_damned":2,"minecraft:player":1},"minecraft:mined":{"minecraft:deepslate_redstone_ore":6,"the_knocker:deadcow":1,"minecraft:deepslate_diamond_ore":4,"minecraft:clay":13,"minecraft:granite":39,"minecraft:grass_block":150,"minecraft:copper_ore":19,"minecraft:deepslate_coal_ore":11,"minecraft:spruce_leaves":81,"minecraft:deepslate_gold_ore":5,"minecraft:moss_block":89,"minecraft:diorite":38,"minecraft:deepslate_copper_ore":5,"minecraft:redstone_ore":22,"minecraft:mud":55,"minecraft:iron_ore":112,"minecraft:spruce_log":6,"minecraft:andesite":44,"minecraft:coal_ore":131,"minecraft:oak_log":69,"minecraft:deepslate_iron_ore":10,"minecraft:dirt":3,"minecraft:stone":309,"minecraft:gold_ore":16,"minecraft:deepslate_emerald_ore":3,"minecraft:oak_leaves":86,"minecraft:deepslate":6},"minecraft:picked_up":{"minecraft:mud":45,"minecraft:clay_ball":28,"minecraft:andesite":10,"minecraft:wooden_pickaxe":1,"minecraft:oak_log":70,"minecraft:dirt":165,"minecraft:raw_copper":11,"minecraft:iron_axe":2,"minecraft:cobbled_deepslate":1,"minecraft:raw_gold":2,"minecraft:bucket":1,"minecraft:iron_pickaxe":1,"minecraft:moss_block":73,"minecraft:stick":6,"minecraft:raw_iron":49,"minecraft:spruce_sapling":6,"minecraft:diorite":6,"minecraft:spruce_log":6,"minecraft:redstone":14,"minecraft:diamond":2,"minecraft:granite":3,"minecraft:emerald":1,"minecraft:gold_ingot":6,"minecraft:oak_sapling":9,"minecraft:coal":51,"minecraft:cobblestone":150},"minecraft:crafted":{"minecraft:oak_planks":48,"minecraft:wooden_pickaxe":1,"minecraft:furnace":2,"minecraft:stone_axe":2,"minecraft:air":0,"minecraft:iron_axe":1,"minecraft:raw_gold":3,"minecraft:stick":12,"minecraft:iron_ingot":25,"minecraft:iron_pickaxe":3,"minecraft:stone_pickaxe":2,"minecraft:chest":3,"minecraft:iron_shovel":2,"minecraft:gold_ingot":8,"minecraft:water_bucket":1}},"DataVersion":3465}