{"stats":{"minecraft:used":{"minecraft:moss_block":30,"minecraft:stone_pickaxe":131,"minecraft:iron_pickaxe":689,"minecraft:chest":3,"minecraft:wooden_pickaxe":48,"minecraft:spruce_sapling":7,"minecraft:stone_axe":153,"minecraft:dirt":133,"minecraft:furnace":2,"minecraft:oak_sapling":4},"minecraft:dropped":{"minecraft:moss_block":1,"minecraft:iron_shovel":2},"minecraft:broken":{"minecraft:stone_pickaxe":1,"minecraft:iron_pickaxe":3},"minecraft:custom":{"minecraft:time_since_rest":33394,"minecraft:interact_with_furnace":20,"minecraft:sprint_one_cm":847,"minecraft:damage_taken":652,"minecraft:walk_one_cm":152954,"minecraft:drop":3,"minecraft:damage_dealt":149,"minecraft:traded_with_villager":1,"minecraft:interact_with_crafting_table":17,"minecraft:talked_to_villager":7,"minecraft:fly_one_cm":1616,"minecraft:open_chest":41,"minecraft:crouch_one_cm":810,"minecraft:play_time":63524,"minecraft:deaths":2,"minecraft:sneak_time":859,"minecraft:boat_one_cm":2250,"minecraft:jump":219,"minecraft:leave_game":2,"minecraft:time_since_death":33346,"minecraft:total_world_time":63524,"minecraft:fall_one_cm":1045},"minecraft:killed_by":{"apollyon:the_damned":2},"minecraft:mined":{"the_knocker:deadcow":1,"minecraft:redstone_ore":9,"minecraft:mud":54,"minecraft:iron_ore":99,"minecraft:spruce_log":6,"minecraft:andesite":29,"minecraft:clay":9,"minecraft:granite":26,"minecraft:grass_block":139,"minecraft:oak_log":65,"minecraft:coal_ore":106,"minecraft:dirt":3,"minecraft:copper_ore":6,"minecraft:spruce_leaves":69,"minecraft:stone":251,"minecraft:moss_block":77,"minecraft:gold_ore":2,"minecraft:diorite":24,"minecraft:oak_leaves":80},"minecraft:picked_up":{"minecraft:mud":45,"minecraft:stick":6,"minecraft:raw_iron":47,"minecraft:clay_ball":20,"minecraft:andesite":8,"minecraft:wooden_pickaxe":1,"minecraft:oak_log":66,"minecraft:spruce_sapling":6,"minecraft:diorite":3,"minecraft:spruce_log":6,"minecraft:dirt":159,"minecraft:raw_copper":6,"minecraft:granite":3,"minecraft:oak_sapling":9,"minecraft:moss_block":71,"minecraft:coal":50,"minecraft:cobblestone":143},"minecraft:crafted":{"minecraft:oak_planks":48,"minecraft:raw_gold":3,"minecraft:iron_axe":1,"minecraft:stick":12,"minecraft:wooden_pickaxe":1,"minecraft:iron_ingot":24,"minecraft:iron_pickaxe":3,"minecraft:stone_pickaxe":2,"minecraft:chest":3,"minecraft:iron_shovel":2,"minecraft:furnace":2,"minecraft:stone_axe":2,"minecraft:air":0}},"DataVersion":3465}