{"stats":{"minecraft:used":{"minecraft:moss_block":9,"minecraft:stone_pickaxe":93,"minecraft:chest":2,"minecraft:wooden_pickaxe":48,"minecraft:spruce_sapling":5,"minecraft:stone_axe":126,"minecraft:dirt":88,"minecraft:oak_sapling":3,"minecraft:furnace":2},"minecraft:custom":{"minecraft:time_since_rest":17235,"minecraft:interact_with_furnace":4,"minecraft:damage_taken":300,"minecraft:walk_one_cm":73474,"minecraft:damage_dealt":45,"minecraft:interact_with_crafting_table":10,"minecraft:fly_one_cm":107,"minecraft:open_chest":13,"minecraft:crouch_one_cm":270,"minecraft:play_time":24936,"minecraft:deaths":1,"minecraft:sneak_time":281,"minecraft:jump":24,"minecraft:time_since_death":17184,"minecraft:total_world_time":24936},"minecraft:killed_by":{"apollyon:the_damned":1},"minecraft:mined":{"minecraft:mud":20,"minecraft:spruce_log":6,"minecraft:coal_ore":1,"minecraft:grass_block":69,"minecraft:oak_log":38,"minecraft:dirt":3,"minecraft:spruce_leaves":41,"minecraft:stone":45,"minecraft:moss_block":31,"minecraft:oak_leaves":43},"minecraft:picked_up":{"minecraft:mud":24,"minecraft:raw_iron":16,"minecraft:wooden_pickaxe":1,"minecraft:oak_log":36,"minecraft:spruce_sapling":5,"minecraft:spruce_log":6,"minecraft:dirt":91,"minecraft:oak_sapling":4,"minecraft:moss_block":43,"minecraft:coal":23,"minecraft:cobblestone":84},"minecraft:crafted":{"minecraft:oak_planks":48,"minecraft:stick":12,"minecraft:wooden_pickaxe":1,"minecraft:stone_pickaxe":2,"minecraft:chest":2,"minecraft:furnace":2,"minecraft:stone_axe":2}},"DataVersion":3465}