{"stats":{"minecraft:used":{"minecraft:moss_block":32,"minecraft:water_bucket":1,"minecraft:stone_pickaxe":131,"minecraft:chest":3,"minecraft:wooden_pickaxe":48,"minecraft:cauldron":1,"minecraft:dirt":133,"minecraft:diamond_pickaxe":421,"minecraft:iron_axe":7,"minecraft:iron_pickaxe":1108,"minecraft:spruce_sapling":7,"minecraft:stone_axe":153,"minecraft:furnace":2,"minecraft:oak_sapling":4},"minecraft:dropped":{"minecraft:moss_block":1,"minecraft:diamond_pickaxe":1,"minecraft:iron_pickaxe":2,"minecraft:iron_shovel":2,"minecraft:bucket":1,"minecraft:gold_ingot":6},"minecraft:broken":{"minecraft:stone_pickaxe":1,"minecraft:iron_pickaxe":4},"minecraft:custom":{"minecraft:interact_with_furnace":31,"minecraft:traded_with_villager":2,"minecraft:interact_with_crafting_table":19,"minecraft:leave_game":4,"minecraft:time_since_death":3754,"minecraft:time_since_rest":3778,"minecraft:sprint_one_cm":2500,"minecraft:damage_taken":2133,"minecraft:walk_one_cm":214033,"minecraft:drop":8,"minecraft:damage_dealt":369,"minecraft:talked_to_villager":11,"minecraft:fly_one_cm":3911,"minecraft:open_chest":76,"minecraft:crouch_one_cm":873,"minecraft:play_time":99108,"minecraft:deaths":8,"minecraft:sneak_time":997,"minecraft:boat_one_cm":2250,"minecraft:jump":323,"minecraft:walk_on_water_one_cm":1298,"minecraft:total_world_time":99108,"minecraft:fall_one_cm":3282},"minecraft:killed_by":{"apollyon:the_damned":3,"minecraft:player":1,"endofherobrine:silverfish":1},"minecraft:mined":{"minecraft:deepslate_redstone_ore":50,"the_knocker:deadcow":1,"minecraft:deepslate_diamond_ore":43,"minecraft:clay":17,"minecraft:granite":65,"minecraft:grass_block":171,"minecraft:copper_ore":19,"minecraft:deepslate_coal_ore":63,"minecraft:spruce_leaves":92,"minecraft:deepslate_gold_ore":24,"minecraft:moss_block":108,"minecraft:diorite":65,"minecraft:deepslate_copper_ore":42,"minecraft:redstone_ore":22,"minecraft:mud":61,"minecraft:iron_ore":112,"minecraft:spruce_log":6,"minecraft:andesite":59,"minecraft:oak_log":83,"minecraft:coal_ore":131,"minecraft:deepslate_iron_ore":56,"minecraft:dirt":3,"minecraft:stone":403,"minecraft:gold_ore":16,"minecraft:oak_leaves":102,"minecraft:deepslate_emerald_ore":38,"minecraft:deepslate":50},"minecraft:picked_up":{"minecraft:mud":48,"minecraft:clay_ball":32,"minecraft:andesite":10,"minecraft:wooden_pickaxe":1,"minecraft:oak_log":70,"minecraft:dirt":169,"minecraft:raw_copper":11,"minecraft:iron_axe":2,"minecraft:cobbled_deepslate":6,"minecraft:raw_gold":5,"minecraft:bucket":1,"minecraft:iron_pickaxe":1,"minecraft:moss_block":81,"minecraft:stick":7,"minecraft:raw_iron":52,"minecraft:spruce_sapling":6,"minecraft:diorite":7,"minecraft:spruce_log":6,"minecraft:redstone":40,"minecraft:diamond":6,"minecraft:granite":7,"minecraft:emerald":3,"minecraft:gold_ingot":6,"minecraft:oak_sapling":9,"minecraft:coal":53,"minecraft:cobblestone":155},"minecraft:crafted":{"minecraft:oak_planks":48,"minecraft:cauldron":1,"minecraft:wooden_pickaxe":1,"minecraft:furnace":2,"minecraft:stone_axe":2,"minecraft:air":0,"minecraft:raw_gold":3,"minecraft:iron_axe":1,"minecraft:stick":12,"minecraft:iron_ingot":29,"minecraft:iron_pickaxe":3,"minecraft:stone_pickaxe":2,"minecraft:chest":3,"minecraft:iron_shovel":2,"minecraft:gold_ingot":8,"minecraft:water_bucket":1}},"DataVersion":3465}