{"stats":{"minecraft:used":{"minecraft:moss_block":9,"minecraft:dirt":18,"minecraft:oak_sapling":1,"minecraft:stone_pickaxe":81,"minecraft:chest":2,"minecraft:wooden_pickaxe":48},"minecraft:custom":{"minecraft:open_chest":7,"minecraft:time_since_rest":5235,"minecraft:deaths":1,"minecraft:play_time":12936,"minecraft:damage_taken":300,"minecraft:walk_one_cm":36901,"minecraft:jump":19,"minecraft:damage_dealt":45,"minecraft:time_since_death":5184,"minecraft:total_world_time":12936,"minecraft:interact_with_crafting_table":6,"minecraft:fly_one_cm":107},"minecraft:killed_by":{"apollyon:the_damned":1},"minecraft:mined":{"minecraft:grass_block":41,"minecraft:oak_log":19,"minecraft:mud":13,"minecraft:dirt":2,"minecraft:spruce_leaves":5,"minecraft:stone":43,"minecraft:moss_block":16,"minecraft:oak_leaves":17},"minecraft:picked_up":{"minecraft:mud":14,"minecraft:wooden_pickaxe":1,"minecraft:oak_log":18,"minecraft:oak_sapling":1,"minecraft:moss_block":16,"minecraft:dirt":46,"minecraft:cobblestone":41},"minecraft:crafted":{"minecraft:chest":2,"minecraft:oak_planks":28,"minecraft:stick":8,"minecraft:wooden_pickaxe":1,"minecraft:stone_pickaxe":2}},"DataVersion":3465}