{"stats":{"minecraft:used":{"minecraft:moss_block":30,"minecraft:stone_pickaxe":131,"minecraft:iron_pickaxe":84,"minecraft:chest":2,"minecraft:wooden_pickaxe":48,"minecraft:spruce_sapling":5,"minecraft:stone_axe":144,"minecraft:dirt":133,"minecraft:oak_sapling":4,"minecraft:furnace":2},"minecraft:dropped":{"minecraft:moss_block":1},"minecraft:broken":{"minecraft:stone_pickaxe":1},"minecraft:custom":{"minecraft:time_since_rest":7421,"minecraft:interact_with_furnace":11,"minecraft:damage_taken":540,"minecraft:walk_one_cm":105701,"minecraft:drop":1,"minecraft:damage_dealt":109,"minecraft:interact_with_crafting_table":13,"minecraft:fly_one_cm":953,"minecraft:open_chest":23,"minecraft:crouch_one_cm":810,"minecraft:play_time":37551,"minecraft:deaths":2,"minecraft:sneak_time":803,"minecraft:jump":111,"minecraft:leave_game":1,"minecraft:time_since_death":7373,"minecraft:total_world_time":37551,"minecraft:fall_one_cm":627},"minecraft:killed_by":{"apollyon:the_damned":2},"minecraft:mined":{"minecraft:mud":30,"minecraft:iron_ore":18,"minecraft:spruce_log":6,"minecraft:coal_ore":14,"minecraft:grass_block":96,"minecraft:oak_log":49,"minecraft:dirt":3,"minecraft:spruce_leaves":50,"minecraft:stone":78,"minecraft:moss_block":45,"minecraft:oak_leaves":53},"minecraft:picked_up":{"minecraft:mud":35,"minecraft:raw_iron":34,"minecraft:wooden_pickaxe":1,"minecraft:oak_log":52,"minecraft:spruce_sapling":5,"minecraft:spruce_log":6,"minecraft:dirt":120,"minecraft:oak_sapling":5,"minecraft:moss_block":60,"minecraft:coal":36,"minecraft:cobblestone":115},"minecraft:crafted":{"minecraft:oak_planks":48,"minecraft:iron_axe":1,"minecraft:stick":12,"minecraft:iron_ingot":3,"minecraft:wooden_pickaxe":1,"minecraft:stone_pickaxe":2,"minecraft:chest":2,"minecraft:furnace":2,"minecraft:stone_axe":2,"minecraft:air":0}},"DataVersion":3465}