{"stats":{"minecraft:used":{"minecraft:moss_block":30,"minecraft:stone_pickaxe":131,"minecraft:iron_pickaxe":404,"minecraft:chest":2,"minecraft:wooden_pickaxe":48,"minecraft:spruce_sapling":7,"minecraft:stone_axe":153,"minecraft:dirt":133,"minecraft:furnace":2,"minecraft:oak_sapling":4},"minecraft:dropped":{"minecraft:moss_block":1,"minecraft:iron_shovel":2},"minecraft:broken":{"minecraft:stone_pickaxe":1,"minecraft:iron_pickaxe":2},"minecraft:custom":{"minecraft:time_since_rest":23698,"minecraft:interact_with_furnace":20,"minecraft:sprint_one_cm":847,"minecraft:damage_taken":610,"minecraft:walk_one_cm":136421,"minecraft:drop":3,"minecraft:damage_dealt":109,"minecraft:traded_with_villager":1,"minecraft:talked_to_villager":7,"minecraft:interact_with_crafting_table":15,"minecraft:fly_one_cm":1536,"minecraft:open_chest":35,"minecraft:crouch_one_cm":810,"minecraft:play_time":53828,"minecraft:deaths":2,"minecraft:sneak_time":859,"minecraft:boat_one_cm":2250,"minecraft:jump":203,"minecraft:leave_game":1,"minecraft:time_since_death":23650,"minecraft:total_world_time":53828,"minecraft:fall_one_cm":836},"minecraft:killed_by":{"apollyon:the_damned":2},"minecraft:mined":{"minecraft:mud":50,"minecraft:iron_ore":63,"minecraft:spruce_log":6,"minecraft:andesite":6,"minecraft:clay":7,"minecraft:granite":5,"minecraft:grass_block":129,"minecraft:oak_log":63,"minecraft:coal_ore":65,"minecraft:dirt":3,"minecraft:spruce_leaves":61,"minecraft:stone":167,"minecraft:moss_block":66,"minecraft:diorite":7,"minecraft:oak_leaves":73},"minecraft:picked_up":{"minecraft:mud":42,"minecraft:stick":6,"minecraft:raw_iron":42,"minecraft:clay_ball":8,"minecraft:andesite":4,"minecraft:wooden_pickaxe":1,"minecraft:oak_log":63,"minecraft:spruce_sapling":6,"minecraft:diorite":1,"minecraft:spruce_log":6,"minecraft:dirt":152,"minecraft:granite":1,"minecraft:oak_sapling":9,"minecraft:moss_block":67,"minecraft:coal":45,"minecraft:cobblestone":132},"minecraft:crafted":{"minecraft:oak_planks":48,"minecraft:raw_gold":3,"minecraft:iron_axe":1,"minecraft:stick":12,"minecraft:wooden_pickaxe":1,"minecraft:iron_ingot":24,"minecraft:iron_pickaxe":3,"minecraft:stone_pickaxe":2,"minecraft:chest":2,"minecraft:iron_shovel":2,"minecraft:furnace":2,"minecraft:stone_axe":2,"minecraft:air":0}},"DataVersion":3465}