{"stats":{"minecraft:used":{"minecraft:moss_block":15,"minecraft:stone_pickaxe":165,"minecraft:oak_planks":1,"minecraft:chest":4,"minecraft:wooden_pickaxe":75,"minecraft:wooden_shovel":246,"minecraft:dirt":160,"minecraft:oak_slab":286,"minecraft:crafting_table":3,"minecraft:wooden_axe":193,"minecraft:iron_pickaxe":96,"minecraft:stone_axe":3,"minecraft:wooden_sword":2,"minecraft:furnace":1,"minecraft:oak_sapling":4,"minecraft:oak_boat":3,"minecraft:bone_meal":3},"minecraft:dropped":{"minecraft:oak_slab":38,"minecraft:moss_block":10,"minecraft:oak_log":3,"minecraft:raw_iron":1,"minecraft:cobblestone":17,"minecraft:apple":1,"minecraft:dirt":28,"minecraft:oak_button":10,"minecraft:wooden_axe":4,"minecraft:wooden_shovel":3,"minecraft:wooden_sword":3,"minecraft:wooden_pickaxe":2,"minecraft:stone_pickaxe":1,"minecraft:mud":6},"minecraft:broken":{"minecraft:stone_pickaxe":1,"minecraft:wooden_shovel":4,"minecraft:wooden_axe":3,"minecraft:wooden_pickaxe":1},"minecraft:custom":{"minecraft:interact_with_furnace":4,"minecraft:traded_with_villager":2,"minecraft:interact_with_crafting_table":35,"minecraft:damage_dealt_resisted":4,"minecraft:leave_game":13,"minecraft:time_since_death":970,"minecraft:time_since_rest":1009,"minecraft:sprint_one_cm":90753,"minecraft:damage_taken":20003756,"minecraft:walk_one_cm":145656,"minecraft:drop":49,"minecraft:damage_dealt":333,"minecraft:talked_to_villager":24,"minecraft:fly_one_cm":51286,"minecraft:open_chest":46,"minecraft:crouch_one_cm":54412,"minecraft:play_time":169131,"minecraft:deaths":17,"minecraft:sneak_time":15639,"minecraft:boat_one_cm":54358,"minecraft:jump":323,"minecraft:total_world_time":169131,"minecraft:fall_one_cm":6239},"minecraft:killed_by":{"apollyon:the_damned":4,"bwrtherain:vapor":2},"minecraft:mined":{"minecraft:oak_slab":28,"minecraft:oak_sapling":2,"minecraft:crafting_table":1,"minecraft:grass_block":233,"minecraft:spruce_leaves":50,"minecraft:moss_block":110,"minecraft:mud":40,"minecraft:iron_ore":22,"minecraft:oak_log":95,"minecraft:coal_ore":31,"minecraft:dirt":136,"minecraft:stone":128,"minecraft:oak_leaves":123},"minecraft:picked_up":{"minecraft:wooden_axe":9,"minecraft:mud":47,"minecraft:crafting_table":1,"minecraft:wooden_pickaxe":2,"minecraft:oak_log":106,"minecraft:dirt":324,"minecraft:wooden_sword":4,"minecraft:apple":1,"minecraft:wooden_shovel":6,"minecraft:moss_block":179,"minecraft:oak_planks":14,"minecraft:oak_slab":86,"minecraft:stick":5,"minecraft:raw_iron":6,"minecraft:oak_sapling":4,"minecraft:coal":8,"minecraft:cobblestone":113},"minecraft:crafted":{"minecraft:wooden_sword":2,"minecraft:oak_slab":282,"minecraft:oak_planks":304,"minecraft:raw_iron":1,"minecraft:wooden_shovel":5,"minecraft:crafting_table":2,"minecraft:wooden_pickaxe":2,"minecraft:furnace":1,"minecraft:bone_meal":3,"minecraft:stone_axe":1,"minecraft:air":0,"minecraft:oak_boat":3,"minecraft:stick":32,"minecraft:iron_ingot":5,"minecraft:iron_pickaxe":1,"minecraft:stone_pickaxe":2,"minecraft:wooden_axe":4,"minecraft:chest":4,"minecraft:oak_button":10}},"DataVersion":3465}