{"stats":{"minecraft:killed":{"minecraft:pig":2,"minecraft:sheep":2,"minecraft:zombie":2,"minecraft:chicken":4},"minecraft:used":{"minecraft:cooked_mutton":1,"minecraft:diorite":1,"minecraft:cobblestone_stairs":28,"minecraft:stone_pickaxe":283,"minecraft:oak_planks":31,"minecraft:wooden_pickaxe":7,"minecraft:cooked_chicken":1,"minecraft:oak_door":1,"minecraft:torch":15,"minecraft:dirt":1,"minecraft:crafting_table":2,"minecraft:wooden_axe":46,"minecraft:stone_axe":50,"minecraft:cobblestone":7,"minecraft:furnace":1,"minecraft:cooked_porkchop":2},"minecraft:broken":{"minecraft:stone_pickaxe":1},"minecraft:picked_up":{"minecraft:crafting_table":1,"minecraft:feather":6,"minecraft:chicken":4,"minecraft:flint":1,"minecraft:oak_log":33,"minecraft:cobblestone_stairs":1,"minecraft:lapis_lazuli":6,"minecraft:dirt":1,"minecraft:raw_copper":21,"minecraft:apple":2,"minecraft:wheat_seeds":3,"minecraft:oak_planks":4,"minecraft:egg":1,"minecraft:stick":3,"minecraft:cooked_porkchop":2,"minecraft:pumpkin":19,"minecraft:torch":6,"minecraft:porkchop":3,"minecraft:diorite":3,"minecraft:rotten_flesh":1,"minecraft:oak_sapling":6,"minecraft:mutton":4,"minecraft:coal":31,"minecraft:white_wool":2,"minecraft:cobblestone":241},"minecraft:crafted":{"minecraft:oak_door":3,"minecraft:oak_planks":88,"minecraft:crafting_table":1,"minecraft:wooden_pickaxe":1,"minecraft:cooked_chicken":4,"minecraft:furnace":1,"minecraft:cobblestone_stairs":36,"minecraft:stone_axe":2,"minecraft:cooked_mutton":4,"minecraft:air":0,"minecraft:charcoal":5,"minecraft:stick":28,"minecraft:stone_pickaxe":4,"minecraft:wooden_axe":1,"minecraft:torch":16},"minecraft:mined":{"minecraft:cobblestone_stairs":1,"minecraft:crafting_table":1,"minecraft:copper_ore":6,"minecraft:cobblestone":1,"minecraft:lapis_ore":1,"minecraft:oak_planks":4,"minecraft:diorite":3,"minecraft:wall_torch":6,"minecraft:pumpkin":19,"minecraft:grass":19,"minecraft:coal_ore":31,"minecraft:oak_log":33,"minecraft:gravel":1,"minecraft:dirt":1,"minecraft:stone":241,"minecraft:oak_leaves":40},"minecraft:custom":{"minecraft:interact_with_furnace":7,"minecraft:mob_kills":10,"minecraft:interact_with_crafting_table":9,"minecraft:leave_game":2,"minecraft:time_since_death":33279,"minecraft:time_since_rest":33279,"minecraft:sprint_one_cm":64737,"minecraft:damage_taken":160,"minecraft:walk_one_cm":79746,"minecraft:drop":6,"minecraft:damage_dealt":949,"minecraft:swim_one_cm":2713,"minecraft:fly_one_cm":38525,"minecraft:open_chest":2,"minecraft:play_time":33279,"minecraft:sneak_time":3,"minecraft:walk_under_water_one_cm":42,"minecraft:jump":340,"minecraft:walk_on_water_one_cm":735,"minecraft:total_world_time":33279,"minecraft:fall_one_cm":5237},"minecraft:dropped":{"minecraft:stone_axe":1,"minecraft:cooked_chicken":2,"minecraft:wooden_axe":1,"minecraft:wooden_pickaxe":1,"minecraft:stone_pickaxe":1}},"DataVersion":3120}