{"stats":{"minecraft:used":{"minecraft:moss_block":15,"minecraft:stone_pickaxe":189,"minecraft:oak_planks":1,"minecraft:chest":4,"minecraft:wooden_pickaxe":75,"minecraft:wooden_shovel":246,"minecraft:dirt":161,"minecraft:oak_slab":288,"minecraft:crafting_table":3,"minecraft:mud":1,"minecraft:wooden_axe":193,"minecraft:wooden_hoe":1,"minecraft:iron_axe":150,"minecraft:iron_pickaxe":96,"minecraft:spruce_sapling":2,"minecraft:stone_axe":3,"minecraft:wooden_sword":2,"minecraft:furnace":1,"minecraft:oak_sapling":4,"minecraft:oak_boat":4,"minecraft:bone_meal":3},"minecraft:dropped":{"minecraft:oak_slab":38,"minecraft:moss_block":10,"minecraft:oak_log":3,"minecraft:raw_iron":1,"minecraft:cobblestone":17,"minecraft:apple":1,"minecraft:dirt":48,"minecraft:oak_button":10,"minecraft:wooden_axe":4,"minecraft:wooden_shovel":3,"minecraft:wooden_sword":3,"minecraft:wooden_pickaxe":2,"minecraft:stone_pickaxe":1,"minecraft:mud":6},"minecraft:broken":{"minecraft:stone_pickaxe":1,"minecraft:wooden_shovel":4,"minecraft:wooden_axe":3,"minecraft:wooden_pickaxe":1},"minecraft:custom":{"minecraft:interact_with_furnace":9,"minecraft:traded_with_villager":8,"minecraft:interact_with_crafting_table":40,"minecraft:damage_dealt_resisted":4,"minecraft:leave_game":15,"minecraft:time_since_death":19704,"minecraft:time_since_rest":19836,"minecraft:sprint_one_cm":113699,"minecraft:damage_taken":20003757,"minecraft:walk_one_cm":175181,"minecraft:drop":50,"minecraft:damage_dealt":343,"minecraft:talked_to_villager":41,"minecraft:fly_one_cm":64408,"minecraft:open_chest":64,"minecraft:crouch_one_cm":54809,"minecraft:play_time":189291,"minecraft:deaths":18,"minecraft:sneak_time":15933,"minecraft:boat_one_cm":63282,"minecraft:jump":396,"minecraft:total_world_time":189291,"minecraft:fall_one_cm":9165},"minecraft:killed_by":{"apollyon:the_damned":4,"bwrtherain:vapor":2},"minecraft:mined":{"minecraft:oak_slab":30,"minecraft:oak_sapling":2,"minecraft:clay":1,"minecraft:crafting_table":1,"minecraft:grass_block":282,"minecraft:spruce_leaves":71,"minecraft:moss_block":139,"minecraft:mud":53,"minecraft:iron_ore":25,"minecraft:oak_log":139,"minecraft:coal_ore":33,"minecraft:dirt":136,"minecraft:stone":133,"minecraft:oak_leaves":139},"minecraft:picked_up":{"minecraft:wooden_axe":9,"minecraft:mud":70,"minecraft:crafting_table":1,"minecraft:andesite":2,"minecraft:clay_ball":24,"minecraft:wooden_pickaxe":2,"minecraft:oak_log":146,"minecraft:dirt":389,"minecraft:wooden_sword":4,"minecraft:apple":2,"minecraft:wooden_shovel":6,"minecraft:moss_block":218,"minecraft:oak_planks":14,"minecraft:oak_slab":86,"minecraft:stick":8,"minecraft:raw_iron":45,"minecraft:spruce_sapling":3,"minecraft:diorite":6,"minecraft:granite":4,"minecraft:oak_sapling":5,"minecraft:coal":51,"minecraft:cobblestone":189},"minecraft:crafted":{"minecraft:wooden_sword":2,"minecraft:oak_slab":288,"minecraft:oak_planks":316,"minecraft:raw_iron":17,"minecraft:wooden_shovel":5,"minecraft:crafting_table":2,"minecraft:wooden_pickaxe":2,"minecraft:furnace":1,"minecraft:bone_meal":3,"minecraft:stone_axe":1,"minecraft:air":0,"minecraft:beetroot_seeds":6,"minecraft:oak_boat":4,"minecraft:wooden_hoe":1,"minecraft:raw_gold":3,"minecraft:stick":36,"minecraft:iron_ingot":14,"minecraft:iron_pickaxe":1,"minecraft:stone_pickaxe":3,"minecraft:wooden_axe":4,"minecraft:chest":4,"minecraft:oak_button":10}},"DataVersion":3465}