{"stats":{"minecraft:custom":{"minecraft:time_since_rest":6574,"minecraft:play_time":6574,"minecraft:sprint_one_cm":5482,"minecraft:damage_taken":10,"minecraft:walk_one_cm":7013,"minecraft:walk_under_water_one_cm":42,"minecraft:jump":35,"minecraft:walk_on_water_one_cm":134,"minecraft:leave_game":1,"minecraft:time_since_death":6574,"minecraft:total_world_time":6574,"minecraft:swim_one_cm":2713,"minecraft:fall_one_cm":1171,"minecraft:interact_with_crafting_table":1,"minecraft:fly_one_cm":8622},"minecraft:used":{"minecraft:wooden_axe":15,"minecraft:crafting_table":1,"minecraft:wooden_pickaxe":2},"minecraft:crafted":{"minecraft:oak_planks":44,"minecraft:crafting_table":1,"minecraft:stick":12,"minecraft:wooden_pickaxe":1,"minecraft:wooden_axe":1},"minecraft:picked_up":{"minecraft:crafting_table":1,"minecraft:pumpkin":12,"minecraft:wheat_seeds":3,"minecraft:oak_log":11,"minecraft:cobblestone":1},"minecraft:mined":{"minecraft:grass":9,"minecraft:oak_log":11,"minecraft:stone":1,"minecraft:pumpkin":12,"minecraft:oak_leaves":1,"minecraft:crafting_table":1}},"DataVersion":3120}