{"stats":{"minecraft:used":{"minecraft:moss_block":51,"minecraft:stone_pickaxe":189,"minecraft:oak_planks":1,"minecraft:chest":4,"minecraft:wooden_pickaxe":75,"minecraft:wooden_shovel":246,"minecraft:dirt":161,"minecraft:oak_slab":288,"minecraft:crafting_table":3,"minecraft:mud":1,"minecraft:wooden_axe":193,"minecraft:wooden_hoe":1,"minecraft:iron_axe":255,"minecraft:iron_pickaxe":96,"minecraft:spruce_sapling":2,"minecraft:stone_axe":3,"minecraft:wooden_sword":2,"minecraft:furnace":1,"minecraft:oak_sapling":4,"minecraft:oak_boat":5,"minecraft:bone_meal":3},"minecraft:dropped":{"minecraft:oak_slab":38,"minecraft:moss_block":25,"minecraft:oak_log":15,"minecraft:raw_iron":11,"minecraft:cobblestone":46,"minecraft:apple":1,"minecraft:dirt":48,"minecraft:oak_button":10,"minecraft:wooden_hoe":1,"minecraft:wooden_axe":4,"minecraft:wooden_shovel":3,"minecraft:wooden_sword":3,"minecraft:wooden_pickaxe":2,"minecraft:stone_pickaxe":1,"minecraft:mud":6},"minecraft:broken":{"minecraft:stone_pickaxe":1,"minecraft:wooden_shovel":4,"minecraft:iron_axe":1,"minecraft:wooden_axe":3,"minecraft:wooden_pickaxe":1},"minecraft:custom":{"minecraft:interact_with_furnace":12,"minecraft:traded_with_villager":8,"minecraft:interact_with_crafting_table":44,"minecraft:damage_dealt_resisted":4,"minecraft:leave_game":15,"minecraft:time_since_death":31704,"minecraft:time_since_rest":31836,"minecraft:sprint_one_cm":133043,"minecraft:damage_taken":20003783,"minecraft:walk_one_cm":195736,"minecraft:drop":55,"minecraft:damage_dealt":547,"minecraft:player_kills":1,"minecraft:talked_to_villager":44,"minecraft:fly_one_cm":67895,"minecraft:open_chest":75,"minecraft:crouch_one_cm":54809,"minecraft:play_time":201291,"minecraft:deaths":18,"minecraft:sneak_time":15934,"minecraft:boat_one_cm":71563,"minecraft:jump":413,"minecraft:total_world_time":201291,"minecraft:fall_one_cm":9583},"minecraft:killed_by":{"apollyon:the_damned":4,"bwrtherain:vapor":2},"minecraft:mined":{"minecraft:oak_slab":30,"minecraft:oak_sapling":2,"minecraft:clay":5,"minecraft:crafting_table":1,"minecraft:grass_block":297,"minecraft:spruce_leaves":79,"minecraft:moss_block":156,"minecraft:mud":60,"minecraft:iron_ore":25,"minecraft:oak_log":172,"minecraft:coal_ore":33,"minecraft:dirt":136,"minecraft:stone":133,"minecraft:oak_leaves":165},"minecraft:picked_up":{"minecraft:wooden_axe":9,"minecraft:mud":98,"minecraft:crafting_table":1,"minecraft:andesite":20,"minecraft:clay_ball":96,"minecraft:wooden_pickaxe":2,"minecraft:oak_log":188,"minecraft:wooden_hoe":1,"minecraft:dirt":452,"minecraft:raw_copper":18,"minecraft:wooden_sword":4,"minecraft:apple":2,"minecraft:wooden_shovel":6,"minecraft:moss_block":257,"minecraft:oak_planks":14,"minecraft:oak_slab":86,"minecraft:stick":10,"minecraft:raw_iron":81,"minecraft:spruce_sapling":4,"minecraft:diorite":19,"minecraft:redstone":31,"minecraft:granite":19,"minecraft:oak_sapling":5,"minecraft:coal":83,"minecraft:cobblestone":281},"minecraft:crafted":{"minecraft:wooden_sword":2,"minecraft:oak_slab":288,"minecraft:oak_planks":364,"minecraft:raw_iron":17,"minecraft:wooden_shovel":5,"minecraft:crafting_table":2,"minecraft:wooden_pickaxe":2,"minecraft:furnace":1,"minecraft:bone_meal":3,"minecraft:stone_axe":1,"minecraft:air":0,"minecraft:beetroot_seeds":6,"minecraft:oak_boat":5,"minecraft:wooden_hoe":1,"minecraft:iron_axe":1,"minecraft:raw_gold":3,"minecraft:stick":40,"minecraft:iron_ingot":30,"minecraft:iron_pickaxe":1,"minecraft:stone_pickaxe":3,"minecraft:wooden_axe":4,"minecraft:chest":4,"minecraft:oak_button":10}},"DataVersion":3465}