{"stats":{"minecraft:used":{"minecraft:moss_block":112,"minecraft:water_bucket":5,"minecraft:stone_pickaxe":189,"minecraft:oak_planks":1,"minecraft:chest":4,"minecraft:wooden_pickaxe":75,"minecraft:diamond_axe":75,"minecraft:wooden_shovel":246,"minecraft:dirt":169,"minecraft:oak_slab":288,"minecraft:crafting_table":3,"minecraft:wooden_axe":193,"minecraft:mud":1,"minecraft:wooden_hoe":12,"minecraft:diamond_pickaxe":1,"minecraft:diamond_shovel":44,"minecraft:iron_axe":360,"minecraft:iron_pickaxe":124,"minecraft:spruce_sapling":3,"minecraft:stone_axe":3,"minecraft:wooden_sword":2,"minecraft:furnace":1,"minecraft:oak_sapling":4,"minecraft:bucket":4,"minecraft:oak_boat":5,"minecraft:bone_meal":3},"minecraft:dropped":{"minecraft:moss_block":25,"minecraft:oak_slab":38,"minecraft:oak_log":15,"minecraft:raw_iron":11,"minecraft:cobblestone":46,"minecraft:diamond_shovel":1,"minecraft:apple":1,"minecraft:dirt":48,"minecraft:oak_button":10,"minecraft:wooden_hoe":1,"minecraft:wooden_axe":4,"minecraft:wooden_shovel":3,"minecraft:wooden_sword":3,"minecraft:iron_axe":1,"minecraft:wooden_pickaxe":2,"minecraft:mud":6,"minecraft:stone_pickaxe":1},"minecraft:broken":{"minecraft:stone_pickaxe":1,"minecraft:wooden_shovel":4,"minecraft:iron_axe":1,"minecraft:wooden_axe":3,"minecraft:wooden_pickaxe":1},"minecraft:custom":{"minecraft:interact_with_furnace":21,"minecraft:traded_with_villager":9,"minecraft:interact_with_crafting_table":46,"minecraft:damage_dealt_resisted":4,"minecraft:leave_game":18,"minecraft:time_since_death":14413,"minecraft:time_since_rest":14611,"minecraft:sprint_one_cm":163007,"minecraft:damage_taken":20004737,"minecraft:walk_one_cm":246848,"minecraft:drop":57,"minecraft:damage_dealt":849,"minecraft:player_kills":2,"minecraft:talked_to_villager":50,"minecraft:fly_one_cm":70618,"minecraft:open_chest":115,"minecraft:play_time":235925,"minecraft:crouch_one_cm":56546,"minecraft:deaths":22,"minecraft:sneak_time":17177,"minecraft:boat_one_cm":74398,"minecraft:jump":468,"minecraft:walk_on_water_one_cm":49,"minecraft:total_world_time":235925,"minecraft:fall_one_cm":9792},"minecraft:killed_by":{"apollyon:the_damned":4,"minecraft:player":1,"bwrtherain:vapor":2},"minecraft:mined":{"minecraft:oak_slab":37,"minecraft:oak_sapling":2,"minecraft:clay":13,"minecraft:crafting_table":1,"minecraft:granite":1,"minecraft:grass_block":338,"endofherobrine:glowing_obsidian":1,"minecraft:copper_ore":2,"minecraft:deepslate_coal_ore":1,"minecraft:spruce_leaves":103,"minecraft:moss_block":209,"minecraft:diorite":3,"minecraft:mud":86,"minecraft:iron_ore":27,"minecraft:andesite":1,"minecraft:oak_log":237,"minecraft:coal_ore":36,"minecraft:dirt":136,"minecraft:stone":142,"minecraft:gold_ore":1,"minecraft:oak_leaves":193},"minecraft:picked_up":{"minecraft:wooden_axe":9,"minecraft:mud":136,"minecraft:crafting_table":1,"minecraft:clay_ball":184,"minecraft:andesite":39,"minecraft:wooden_pickaxe":2,"minecraft:oak_log":234,"minecraft:wooden_hoe":1,"minecraft:dirt":545,"minecraft:raw_copper":117,"minecraft:wooden_sword":4,"minecraft:apple":2,"minecraft:cobbled_deepslate":22,"minecraft:raw_gold":21,"minecraft:wooden_shovel":6,"minecraft:iron_pickaxe":3,"minecraft:moss_block":311,"minecraft:oak_planks":14,"minecraft:oak_slab":92,"minecraft:stick":11,"minecraft:raw_iron":116,"minecraft:spruce_sapling":6,"minecraft:diorite":39,"minecraft:redstone":163,"minecraft:diamond":23,"minecraft:granite":37,"minecraft:emerald":14,"minecraft:oak_sapling":5,"minecraft:coal":129,"minecraft:cobblestone":385},"minecraft:crafted":{"minecraft:wooden_sword":2,"minecraft:oak_slab":288,"minecraft:oak_planks":380,"minecraft:raw_iron":17,"minecraft:wooden_shovel":5,"minecraft:diamond_axe":1,"minecraft:crafting_table":2,"minecraft:wooden_pickaxe":2,"minecraft:furnace":1,"minecraft:bone_meal":3,"minecraft:stone_axe":1,"minecraft:air":0,"minecraft:beetroot_seeds":6,"minecraft:oak_boat":5,"minecraft:wooden_hoe":1,"minecraft:diamond_pickaxe":1,"minecraft:iron_axe":1,"minecraft:raw_gold":3,"minecraft:stick":44,"minecraft:iron_ingot":30,"minecraft:iron_pickaxe":1,"minecraft:stone_pickaxe":3,"minecraft:wooden_axe":4,"minecraft:chest":4,"minecraft:gold_ingot":8,"minecraft:oak_button":10,"minecraft:water_bucket":1}},"DataVersion":3465}