{"stats":{"minecraft:used":{"minecraft:moss_block":15,"minecraft:stone_pickaxe":34,"minecraft:oak_planks":1,"minecraft:chest":4,"minecraft:wooden_pickaxe":75,"minecraft:wooden_shovel":246,"minecraft:dirt":159,"minecraft:oak_slab":286,"minecraft:crafting_table":3,"minecraft:wooden_axe":193,"minecraft:wooden_sword":2,"minecraft:oak_sapling":4,"minecraft:oak_boat":1,"minecraft:bone_meal":3},"minecraft:broken":{"minecraft:wooden_shovel":4,"minecraft:wooden_axe":3,"minecraft:wooden_pickaxe":1},"minecraft:dropped":{"minecraft:oak_slab":38,"minecraft:moss_block":10,"minecraft:oak_log":3,"minecraft:raw_iron":1,"minecraft:cobblestone":17,"minecraft:apple":1,"minecraft:dirt":28,"minecraft:oak_button":10,"minecraft:wooden_axe":4,"minecraft:wooden_shovel":3,"minecraft:wooden_sword":3,"minecraft:wooden_pickaxe":2,"minecraft:stone_pickaxe":1,"minecraft:mud":6},"minecraft:custom":{"minecraft:traded_with_villager":2,"minecraft:interact_with_crafting_table":28,"minecraft:damage_dealt_resisted":4,"minecraft:leave_game":8,"minecraft:time_since_death":10802,"minecraft:time_since_rest":27017,"minecraft:sprint_one_cm":73771,"minecraft:damage_taken":20003071,"minecraft:walk_one_cm":115156,"minecraft:drop":49,"minecraft:damage_dealt":278,"minecraft:talked_to_villager":20,"minecraft:fly_one_cm":34870,"minecraft:open_chest":42,"minecraft:crouch_one_cm":53435,"minecraft:play_time":142528,"minecraft:deaths":14,"minecraft:sneak_time":15039,"minecraft:boat_one_cm":28763,"minecraft:jump":213,"minecraft:total_world_time":142528,"minecraft:fall_one_cm":2477},"minecraft:killed_by":{"apollyon:the_damned":4,"bwrtherain:vapor":2},"minecraft:mined":{"minecraft:oak_slab":28,"minecraft:oak_sapling":2,"minecraft:crafting_table":1,"minecraft:grass_block":195,"minecraft:spruce_leaves":28,"minecraft:moss_block":85,"minecraft:mud":30,"minecraft:oak_log":88,"minecraft:dirt":136,"minecraft:stone":59,"minecraft:oak_leaves":104},"minecraft:picked_up":{"minecraft:wooden_axe":9,"minecraft:mud":41,"minecraft:crafting_table":1,"minecraft:wooden_pickaxe":2,"minecraft:oak_log":97,"minecraft:dirt":303,"minecraft:wooden_sword":4,"minecraft:apple":1,"minecraft:wooden_shovel":6,"minecraft:moss_block":166,"minecraft:oak_planks":14,"minecraft:oak_slab":86,"minecraft:stick":5,"minecraft:raw_iron":1,"minecraft:oak_sapling":4,"minecraft:cobblestone":85},"minecraft:crafted":{"minecraft:wooden_sword":2,"minecraft:oak_slab":282,"minecraft:oak_planks":276,"minecraft:raw_iron":1,"minecraft:wooden_shovel":5,"minecraft:crafting_table":2,"minecraft:wooden_pickaxe":2,"minecraft:bone_meal":3,"minecraft:air":0,"minecraft:oak_boat":1,"minecraft:stick":24,"minecraft:stone_pickaxe":1,"minecraft:wooden_axe":4,"minecraft:chest":4,"minecraft:oak_button":10}},"DataVersion":3465}