{"stats":{"minecraft:killed":{"minecraft:sheep":2,"minecraft:chicken":4},"minecraft:used":{"minecraft:cooked_mutton":1,"minecraft:wooden_axe":46,"minecraft:cobblestone_stairs":28,"minecraft:stone_pickaxe":181,"minecraft:oak_planks":31,"minecraft:wooden_pickaxe":7,"minecraft:stone_axe":11,"minecraft:torch":9,"minecraft:cobblestone":2,"minecraft:crafting_table":2,"minecraft:furnace":1},"minecraft:broken":{"minecraft:stone_pickaxe":1},"minecraft:picked_up":{"minecraft:stick":1,"minecraft:crafting_table":1,"minecraft:feather":6,"minecraft:chicken":4,"minecraft:pumpkin":19,"minecraft:torch":2,"minecraft:oak_log":28,"minecraft:diorite":3,"minecraft:cobblestone_stairs":1,"minecraft:lapis_lazuli":6,"minecraft:wheat_seeds":3,"minecraft:mutton":4,"minecraft:oak_planks":4,"minecraft:coal":31,"minecraft:white_wool":2,"minecraft:cobblestone":150,"minecraft:egg":1},"minecraft:crafted":{"minecraft:oak_planks":88,"minecraft:crafting_table":1,"minecraft:stick":28,"minecraft:wooden_pickaxe":1,"minecraft:cooked_chicken":4,"minecraft:stone_pickaxe":4,"minecraft:wooden_axe":1,"minecraft:furnace":1,"minecraft:cobblestone_stairs":36,"minecraft:torch":16,"minecraft:stone_axe":1,"minecraft:cooked_mutton":4,"minecraft:air":0},"minecraft:mined":{"minecraft:cobblestone_stairs":1,"minecraft:pumpkin":19,"minecraft:crafting_table":1,"minecraft:grass":13,"minecraft:oak_log":28,"minecraft:coal_ore":31,"minecraft:cobblestone":1,"minecraft:lapis_ore":1,"minecraft:stone":149,"minecraft:oak_planks":4,"minecraft:diorite":3,"minecraft:oak_leaves":2,"minecraft:wall_torch":2},"minecraft:custom":{"minecraft:time_since_rest":21279,"minecraft:interact_with_furnace":3,"minecraft:sprint_one_cm":20837,"minecraft:damage_taken":10,"minecraft:walk_one_cm":38459,"minecraft:mob_kills":6,"minecraft:drop":2,"minecraft:damage_dealt":320,"minecraft:swim_one_cm":2713,"minecraft:interact_with_crafting_table":7,"minecraft:fly_one_cm":18764,"minecraft:play_time":21279,"minecraft:walk_under_water_one_cm":42,"minecraft:jump":181,"minecraft:leave_game":2,"minecraft:time_since_death":21279,"minecraft:walk_on_water_one_cm":134,"minecraft:total_world_time":21279,"minecraft:fall_one_cm":2485},"minecraft:dropped":{"minecraft:wooden_axe":1,"minecraft:wooden_pickaxe":1}},"DataVersion":3120}