{"stats":{"minecraft:used":{"minecraft:stone_pickaxe":34,"minecraft:oak_planks":1,"minecraft:wooden_pickaxe":75,"minecraft:chest":4,"minecraft:wooden_shovel":246,"minecraft:wooden_sword":2,"minecraft:dirt":158,"minecraft:oak_slab":286,"minecraft:crafting_table":3,"minecraft:oak_sapling":3,"minecraft:oak_boat":1,"minecraft:moss_block":15,"minecraft:wooden_axe":193},"minecraft:broken":{"minecraft:wooden_axe":3,"minecraft:wooden_shovel":4,"minecraft:wooden_pickaxe":1},"minecraft:dropped":{"minecraft:dirt":28,"minecraft:oak_slab":38,"minecraft:moss_block":10,"minecraft:oak_button":10,"minecraft:oak_log":3,"minecraft:wooden_axe":4,"minecraft:raw_iron":1,"minecraft:wooden_shovel":3,"minecraft:cobblestone":17,"minecraft:wooden_sword":3,"minecraft:apple":1,"minecraft:mud":6,"minecraft:stone_pickaxe":1,"minecraft:wooden_pickaxe":2},"minecraft:custom":{"minecraft:time_since_rest":17666,"minecraft:sprint_one_cm":62061,"minecraft:damage_taken":20003071,"minecraft:walk_one_cm":107835,"minecraft:drop":49,"minecraft:damage_dealt":278,"minecraft:traded_with_villager":2,"minecraft:interact_with_crafting_table":27,"minecraft:fly_one_cm":26260,"minecraft:talked_to_villager":20,"minecraft:open_chest":37,"minecraft:crouch_one_cm":53119,"minecraft:play_time":133177,"minecraft:deaths":14,"minecraft:sneak_time":14923,"minecraft:boat_one_cm":28763,"minecraft:damage_dealt_resisted":4,"minecraft:jump":168,"minecraft:leave_game":7,"minecraft:time_since_death":1451,"minecraft:total_world_time":133177,"minecraft:fall_one_cm":1641},"minecraft:killed_by":{"apollyon:the_damned":4,"bwrtherain:vapor":2},"minecraft:mined":{"minecraft:oak_slab":28,"minecraft:oak_sapling":2,"minecraft:mud":30,"minecraft:crafting_table":1,"minecraft:grass_block":194,"minecraft:oak_log":88,"minecraft:dirt":136,"minecraft:spruce_leaves":28,"minecraft:stone":59,"minecraft:moss_block":85,"minecraft:oak_leaves":91},"minecraft:picked_up":{"minecraft:wooden_axe":9,"minecraft:raw_iron":1,"minecraft:mud":41,"minecraft:oak_slab":86,"minecraft:stick":5,"minecraft:crafting_table":1,"minecraft:wooden_pickaxe":2,"minecraft:oak_log":97,"minecraft:dirt":302,"minecraft:wooden_sword":4,"minecraft:apple":1,"minecraft:wooden_shovel":6,"minecraft:oak_sapling":4,"minecraft:moss_block":166,"minecraft:oak_planks":14,"minecraft:cobblestone":85},"minecraft:crafted":{"minecraft:wooden_sword":2,"minecraft:oak_boat":1,"minecraft:oak_slab":282,"minecraft:oak_planks":276,"minecraft:raw_iron":1,"minecraft:wooden_shovel":5,"minecraft:crafting_table":2,"minecraft:stick":24,"minecraft:wooden_pickaxe":2,"minecraft:stone_pickaxe":1,"minecraft:wooden_axe":4,"minecraft:chest":4,"minecraft:oak_button":10,"minecraft:bone_meal":3,"minecraft:air":0}},"DataVersion":3465}