{"stats":{"minecraft:used":{"minecraft:moss_block":51,"minecraft:water_bucket":5,"minecraft:stone_pickaxe":189,"minecraft:oak_planks":1,"minecraft:chest":4,"minecraft:wooden_pickaxe":75,"minecraft:wooden_shovel":246,"minecraft:dirt":169,"minecraft:oak_slab":288,"minecraft:crafting_table":3,"minecraft:mud":1,"minecraft:wooden_axe":193,"minecraft:wooden_hoe":12,"minecraft:iron_axe":337,"minecraft:iron_pickaxe":124,"minecraft:spruce_sapling":3,"minecraft:stone_axe":3,"minecraft:wooden_sword":2,"minecraft:furnace":1,"minecraft:oak_sapling":4,"minecraft:bucket":4,"minecraft:oak_boat":5,"minecraft:bone_meal":3},"minecraft:dropped":{"minecraft:oak_slab":38,"minecraft:moss_block":25,"minecraft:oak_log":15,"minecraft:raw_iron":11,"minecraft:cobblestone":46,"minecraft:apple":1,"minecraft:dirt":48,"minecraft:oak_button":10,"minecraft:wooden_hoe":1,"minecraft:wooden_axe":4,"minecraft:wooden_shovel":3,"minecraft:wooden_sword":3,"minecraft:iron_axe":1,"minecraft:wooden_pickaxe":2,"minecraft:stone_pickaxe":1,"minecraft:mud":6},"minecraft:broken":{"minecraft:stone_pickaxe":1,"minecraft:wooden_shovel":4,"minecraft:iron_axe":1,"minecraft:wooden_axe":3,"minecraft:wooden_pickaxe":1},"minecraft:custom":{"minecraft:interact_with_furnace":21,"minecraft:traded_with_villager":9,"minecraft:interact_with_crafting_table":44,"minecraft:damage_dealt_resisted":4,"minecraft:leave_game":15,"minecraft:time_since_death":1642,"minecraft:time_since_rest":1673,"minecraft:sprint_one_cm":155421,"minecraft:damage_taken":20004227,"minecraft:walk_one_cm":218233,"minecraft:drop":56,"minecraft:damage_dealt":789,"minecraft:player_kills":2,"minecraft:talked_to_villager":49,"minecraft:fly_one_cm":69992,"minecraft:open_chest":92,"minecraft:crouch_one_cm":54809,"minecraft:play_time":213291,"minecraft:deaths":20,"minecraft:sneak_time":15934,"minecraft:boat_one_cm":74398,"minecraft:jump":440,"minecraft:walk_on_water_one_cm":49,"minecraft:total_world_time":213291,"minecraft:fall_one_cm":9792},"minecraft:killed_by":{"apollyon:the_damned":4,"minecraft:player":1,"bwrtherain:vapor":2},"minecraft:mined":{"minecraft:oak_slab":37,"minecraft:oak_sapling":2,"minecraft:clay":7,"minecraft:crafting_table":1,"minecraft:granite":1,"minecraft:grass_block":309,"minecraft:copper_ore":2,"minecraft:deepslate_coal_ore":1,"minecraft:spruce_leaves":90,"minecraft:moss_block":165,"minecraft:diorite":3,"minecraft:mud":67,"minecraft:iron_ore":27,"minecraft:andesite":1,"minecraft:oak_log":197,"minecraft:coal_ore":36,"minecraft:dirt":136,"minecraft:stone":142,"minecraft:gold_ore":1,"minecraft:oak_leaves":180},"minecraft:picked_up":{"minecraft:wooden_axe":9,"minecraft:mud":118,"minecraft:crafting_table":1,"minecraft:andesite":31,"minecraft:clay_ball":132,"minecraft:wooden_pickaxe":2,"minecraft:oak_log":210,"minecraft:wooden_hoe":1,"minecraft:dirt":501,"minecraft:raw_copper":62,"minecraft:wooden_sword":4,"minecraft:apple":2,"minecraft:cobbled_deepslate":3,"minecraft:raw_gold":16,"minecraft:wooden_shovel":6,"minecraft:iron_pickaxe":3,"minecraft:moss_block":282,"minecraft:oak_planks":14,"minecraft:oak_slab":92,"minecraft:stick":11,"minecraft:raw_iron":96,"minecraft:spruce_sapling":5,"minecraft:diorite":29,"minecraft:redstone":91,"minecraft:diamond":2,"minecraft:granite":26,"minecraft:emerald":1,"minecraft:oak_sapling":5,"minecraft:coal":111,"minecraft:cobblestone":334},"minecraft:crafted":{"minecraft:wooden_sword":2,"minecraft:oak_slab":288,"minecraft:oak_planks":364,"minecraft:raw_iron":17,"minecraft:wooden_shovel":5,"minecraft:crafting_table":2,"minecraft:wooden_pickaxe":2,"minecraft:furnace":1,"minecraft:bone_meal":3,"minecraft:stone_axe":1,"minecraft:air":0,"minecraft:beetroot_seeds":6,"minecraft:oak_boat":5,"minecraft:wooden_hoe":1,"minecraft:iron_axe":1,"minecraft:raw_gold":3,"minecraft:stick":40,"minecraft:iron_ingot":30,"minecraft:iron_pickaxe":1,"minecraft:stone_pickaxe":3,"minecraft:wooden_axe":4,"minecraft:chest":4,"minecraft:gold_ingot":8,"minecraft:oak_button":10,"minecraft:water_bucket":1}},"DataVersion":3465}