{"stats":{"minecraft:used":{"minecraft:moss_block":2,"minecraft:iron_shovel":294,"minecraft:iron_sword":6,"minecraft:oak_pressure_plate":1,"minecraft:dirt":1,"minecraft:cobblestone":2,"minecraft:oak_slab":7,"minecraft:oak_boat":1},"minecraft:broken":{"minecraft:iron_shovel":1},"minecraft:dropped":{"minecraft:diamond":3,"minecraft:iron_axe":1,"minecraft:iron_pickaxe":3},"minecraft:custom":{"minecraft:time_since_rest":5196,"minecraft:interact_with_furnace":8,"minecraft:sprint_one_cm":23712,"minecraft:damage_taken":10000838,"minecraft:walk_one_cm":73049,"minecraft:drop":7,"minecraft:damage_dealt":196,"minecraft:player_kills":1,"minecraft:talked_to_villager":10,"minecraft:interact_with_crafting_table":10,"minecraft:fly_one_cm":6805,"minecraft:open_chest":45,"minecraft:crouch_one_cm":3147,"minecraft:play_time":43210,"minecraft:deaths":3,"minecraft:sneak_time":1952,"minecraft:boat_one_cm":16133,"minecraft:damage_dealt_resisted":2,"minecraft:jump":72,"minecraft:leave_game":1,"minecraft:time_since_death":5057,"minecraft:total_world_time":43210,"minecraft:fall_one_cm":753},"minecraft:killed_by":{"apollyon:the_damned":1,"minecraft:player":1,"bwrtherain:vapor":1},"minecraft:mined":{"minecraft:mud":49,"minecraft:clay":30,"minecraft:grass_block":109,"minecraft:oak_log":9,"minecraft:spruce_leaves":31,"minecraft:moss_block":29,"minecraft:oak_leaves":34},"minecraft:picked_up":{"minecraft:oak_slab":7,"minecraft:mud":13,"minecraft:stick":2,"minecraft:raw_iron":14,"minecraft:clay_ball":32,"minecraft:andesite":5,"minecraft:oak_log":18,"minecraft:spruce_sapling":1,"minecraft:diorite":4,"minecraft:redstone":38,"minecraft:dirt":22,"minecraft:iron_axe":1,"minecraft:raw_copper":26,"minecraft:iron_shovel":3,"minecraft:diamond":4,"minecraft:cobbled_deepslate":4,"minecraft:raw_gold":5,"minecraft:granite":10,"minecraft:emerald":3,"minecraft:iron_pickaxe":1,"minecraft:moss_block":17,"minecraft:coal":18,"minecraft:cobblestone":23},"minecraft:crafted":{"minecraft:oak_boat":1,"minecraft:oak_slab":12,"minecraft:oak_planks":16,"minecraft:diamond_pickaxe":1,"minecraft:spruce_planks":4,"minecraft:stick":16,"minecraft:oak_pressure_plate":1,"minecraft:iron_ingot":34,"minecraft:iron_pickaxe":2,"minecraft:iron_sword":1,"minecraft:oak_button":1,"minecraft:diamond_shovel":1,"minecraft:air":0}},"DataVersion":3465}