{"stats":{"minecraft:used":{"minecraft:moss_block":2,"minecraft:iron_shovel":145,"minecraft:dirt":1,"minecraft:cobblestone":2,"minecraft:oak_boat":1},"minecraft:custom":{"minecraft:time_since_rest":4080,"minecraft:interact_with_furnace":1,"minecraft:sprint_one_cm":17324,"minecraft:damage_taken":614,"minecraft:walk_one_cm":35443,"minecraft:damage_dealt":46,"minecraft:talked_to_villager":7,"minecraft:interact_with_crafting_table":4,"minecraft:fly_one_cm":5214,"minecraft:open_chest":14,"minecraft:crouch_one_cm":830,"minecraft:play_time":19210,"minecraft:deaths":2,"minecraft:sneak_time":429,"minecraft:boat_one_cm":16133,"minecraft:jump":37,"minecraft:leave_game":1,"minecraft:time_since_death":4052,"minecraft:total_world_time":19210,"minecraft:fall_one_cm":484},"minecraft:killed_by":{"apollyon:the_damned":1,"minecraft:player":1},"minecraft:mined":{"minecraft:mud":26,"minecraft:clay":18,"minecraft:grass_block":56,"minecraft:oak_log":3,"minecraft:spruce_leaves":13,"minecraft:moss_block":8,"minecraft:oak_leaves":18},"minecraft:picked_up":{"minecraft:mud":5,"minecraft:raw_iron":5,"minecraft:clay_ball":12,"minecraft:andesite":1,"minecraft:oak_log":5,"minecraft:diorite":1,"minecraft:redstone":10,"minecraft:dirt":10,"minecraft:iron_shovel":3,"minecraft:raw_gold":2,"minecraft:granite":3,"minecraft:moss_block":8,"minecraft:coal":5,"minecraft:cobblestone":9},"minecraft:crafted":{"minecraft:oak_boat":1,"minecraft:spruce_planks":4,"minecraft:stick":8,"minecraft:oak_button":1}},"DataVersion":3465}