{"stats":{"minecraft:custom":{"minecraft:jump":9,"minecraft:open_chest":1,"minecraft:time_since_rest":7210,"minecraft:damage_dealt":10,"minecraft:sprint_one_cm":2247,"minecraft:leave_game":1,"minecraft:play_time":7210,"minecraft:damage_taken":10,"minecraft:time_since_death":7210,"minecraft:walk_one_cm":11815,"minecraft:sneak_time":1,"minecraft:total_world_time":7210,"minecraft:talked_to_villager":1,"minecraft:fly_one_cm":1428},"minecraft:picked_up":{"minecraft:iron_shovel":1,"minecraft:coal":1}},"DataVersion":3465}