{"stats":{"minecraft:used":{"minecraft:diorite":4,"minecraft:stone_pickaxe":134,"minecraft:chest":1,"minecraft:cooked_chicken":2,"minecraft:stone_axe":87,"minecraft:torch":14,"minecraft:granite":1},"minecraft:broken":{"minecraft:stone_pickaxe":1},"minecraft:picked_up":{"minecraft:birch_log":5,"minecraft:andesite":4,"minecraft:torch":3,"minecraft:acacia_log":9,"minecraft:oak_log":36,"minecraft:diorite":9,"minecraft:dirt":1,"minecraft:stone_axe":1,"minecraft:wheat_seeds":1,"minecraft:granite":14,"minecraft:stone_pickaxe":1,"minecraft:cooked_chicken":2,"minecraft:oak_sapling":6,"minecraft:coal":27,"minecraft:cobblestone":77},"minecraft:crafted":{"minecraft:oak_planks":12,"minecraft:charcoal":9,"minecraft:cooked_porkchop":3,"minecraft:stick":8,"minecraft:chest":1,"minecraft:torch":32,"minecraft:air":0},"minecraft:mined":{"minecraft:acacia_leaves":1,"minecraft:birch_log":5,"minecraft:andesite":4,"minecraft:granite":14,"minecraft:grass":1,"minecraft:acacia_log":9,"minecraft:coal_ore":27,"minecraft:grass_block":1,"minecraft:oak_log":37,"minecraft:tall_grass":4,"minecraft:stone":77,"minecraft:diorite":9,"minecraft:oak_leaves":34,"minecraft:wall_torch":3},"minecraft:custom":{"minecraft:time_since_rest":17168,"minecraft:interact_with_furnace":4,"minecraft:sprint_one_cm":24613,"minecraft:damage_taken":70,"minecraft:walk_one_cm":35444,"minecraft:drop":3,"minecraft:damage_dealt":93,"minecraft:swim_one_cm":5275,"minecraft:interact_with_crafting_table":2,"minecraft:fly_one_cm":55896,"minecraft:open_chest":5,"minecraft:play_time":17168,"minecraft:sneak_time":22,"minecraft:walk_under_water_one_cm":870,"minecraft:jump":291,"minecraft:leave_game":1,"minecraft:walk_on_water_one_cm":12041,"minecraft:time_since_death":17168,"minecraft:total_world_time":17168,"minecraft:fall_one_cm":5078},"minecraft:dropped":{"minecraft:wheat_seeds":1,"minecraft:cooked_porkchop":2}},"DataVersion":3120}