{"stats":{"minecraft:picked_up":{"minecraft:wheat_seeds":1},"minecraft:mined":{"minecraft:tall_grass":4,"minecraft:grass":1},"minecraft:custom":{"minecraft:jump":148,"minecraft:time_since_rest":3549,"minecraft:damage_taken":40,"minecraft:sprint_one_cm":13646,"minecraft:play_time":3549,"minecraft:walk_on_water_one_cm":5570,"minecraft:time_since_death":3549,"minecraft:walk_one_cm":2817,"minecraft:total_world_time":3549,"minecraft:walk_under_water_one_cm":111,"minecraft:drop":1,"minecraft:fall_one_cm":3648,"minecraft:fly_one_cm":44094},"minecraft:dropped":{"minecraft:wheat_seeds":1}},"DataVersion":3120}