{"stats":{"minecraft:used":{"minecraft:moss_block":2,"minecraft:iron_shovel":255,"minecraft:oak_pressure_plate":1,"minecraft:dirt":1,"minecraft:cobblestone":2,"minecraft:oak_slab":7,"minecraft:oak_boat":1},"minecraft:dropped":{"minecraft:diamond":2,"minecraft:iron_axe":1,"minecraft:iron_pickaxe":3},"minecraft:custom":{"minecraft:time_since_rest":16080,"minecraft:interact_with_furnace":8,"minecraft:sprint_one_cm":23062,"minecraft:damage_taken":718,"minecraft:walk_one_cm":62249,"minecraft:drop":6,"minecraft:damage_dealt":175,"minecraft:player_kills":1,"minecraft:talked_to_villager":9,"minecraft:interact_with_crafting_table":9,"minecraft:fly_one_cm":6221,"minecraft:open_chest":32,"minecraft:crouch_one_cm":2436,"minecraft:play_time":31210,"minecraft:deaths":2,"minecraft:sneak_time":1353,"minecraft:boat_one_cm":16133,"minecraft:jump":56,"minecraft:leave_game":1,"minecraft:time_since_death":16052,"minecraft:total_world_time":31210,"minecraft:fall_one_cm":484},"minecraft:killed_by":{"apollyon:the_damned":1,"minecraft:player":1},"minecraft:mined":{"minecraft:mud":42,"minecraft:clay":26,"minecraft:grass_block":96,"minecraft:oak_log":8,"minecraft:spruce_leaves":24,"minecraft:moss_block":23,"minecraft:oak_leaves":32},"minecraft:picked_up":{"minecraft:oak_slab":7,"minecraft:mud":10,"minecraft:raw_iron":13,"minecraft:clay_ball":28,"minecraft:andesite":5,"minecraft:oak_log":15,"minecraft:spruce_sapling":1,"minecraft:diorite":4,"minecraft:redstone":33,"minecraft:dirt":19,"minecraft:iron_axe":1,"minecraft:raw_copper":16,"minecraft:iron_shovel":3,"minecraft:diamond":2,"minecraft:cobbled_deepslate":2,"minecraft:raw_gold":4,"minecraft:granite":10,"minecraft:emerald":1,"minecraft:iron_pickaxe":1,"minecraft:moss_block":17,"minecraft:coal":15,"minecraft:cobblestone":21},"minecraft:crafted":{"minecraft:oak_boat":1,"minecraft:oak_slab":12,"minecraft:oak_planks":12,"minecraft:spruce_planks":4,"minecraft:stick":8,"minecraft:oak_pressure_plate":1,"minecraft:iron_ingot":34,"minecraft:iron_pickaxe":2,"minecraft:iron_sword":1,"minecraft:oak_button":1,"minecraft:air":0}},"DataVersion":3465}