{"stats":{"minecraft:used":{"minecraft:moss_block":5,"minecraft:diamond_shovel":87,"minecraft:iron_shovel":294,"minecraft:iron_sword":6,"minecraft:oak_pressure_plate":1,"minecraft:dirt":6,"minecraft:cobblestone":3,"minecraft:oak_slab":7,"minecraft:oak_boat":1},"minecraft:broken":{"minecraft:iron_shovel":1},"minecraft:dropped":{"minecraft:diamond":3,"minecraft:iron_axe":1,"minecraft:iron_pickaxe":3},"minecraft:custom":{"minecraft:time_since_rest":14118,"minecraft:interact_with_furnace":8,"minecraft:sprint_one_cm":23712,"minecraft:damage_taken":20000851,"minecraft:walk_one_cm":84713,"minecraft:drop":7,"minecraft:damage_dealt":230,"minecraft:interact_with_crafting_table":10,"minecraft:fly_one_cm":6885,"minecraft:talked_to_villager":10,"minecraft:player_kills":1,"minecraft:open_chest":57,"minecraft:crouch_one_cm":3147,"minecraft:play_time":57529,"minecraft:deaths":4,"minecraft:sneak_time":1962,"minecraft:boat_one_cm":16133,"minecraft:damage_dealt_resisted":2,"minecraft:jump":88,"minecraft:leave_game":3,"minecraft:time_since_death":13782,"minecraft:total_world_time":57529,"minecraft:fall_one_cm":753},"minecraft:killed_by":{"apollyon:the_damned":1,"minecraft:player":1,"bwrtherain:vapor":2},"minecraft:mined":{"minecraft:mud":62,"minecraft:clay":38,"minecraft:grass_block":149,"minecraft:oak_log":16,"minecraft:spruce_leaves":37,"minecraft:moss_block":40,"minecraft:oak_leaves":36},"minecraft:picked_up":{"minecraft:stripped_oak_log":1,"minecraft:mud":34,"minecraft:oak_slab":7,"minecraft:stick":2,"minecraft:raw_iron":36,"minecraft:clay_ball":56,"minecraft:andesite":12,"minecraft:oak_log":57,"minecraft:spruce_sapling":1,"minecraft:diorite":19,"minecraft:redstone":134,"minecraft:dirt":73,"minecraft:raw_copper":92,"minecraft:iron_axe":1,"minecraft:diamond_shovel":1,"minecraft:iron_shovel":3,"minecraft:diamond":17,"minecraft:cobbled_deepslate":24,"minecraft:raw_gold":14,"minecraft:granite":22,"minecraft:emerald":24,"minecraft:iron_pickaxe":1,"minecraft:oak_sapling":1,"minecraft:moss_block":53,"minecraft:coal":48,"minecraft:cobblestone":61,"minecraft:diamond_pickaxe":1},"minecraft:crafted":{"minecraft:oak_boat":1,"minecraft:oak_slab":12,"minecraft:oak_planks":16,"minecraft:diamond_pickaxe":1,"minecraft:spruce_planks":4,"minecraft:stick":16,"minecraft:iron_ingot":34,"minecraft:oak_pressure_plate":1,"minecraft:iron_pickaxe":2,"minecraft:iron_sword":1,"minecraft:oak_button":1,"minecraft:diamond_shovel":1,"minecraft:air":0}},"DataVersion":3465}